<list>
  <avicit.platform6.db.dbtabletype.dto.DbTable>
    <createdBy>1</createdBy>
    <creationDate>2018-09-16 14:29:13.0 CST</creationDate>
    <lastUpdateDate>2018-09-16 14:29:13.0 CST</lastUpdateDate>
    <lastUpdatedBy>1</lastUpdatedBy>
    <lastUpdateIp>0:0:0:0:0:0:0:1</lastUpdateIp>
    <logFormName>存储模型表</logFormName>
    <logTitle>存储模型表</logTitle>
    <logType>module_operate</logType>
    <version>0</version>
    <id>4028819b65e0e3740165e1119ef901c4</id>
    <tableName>DYN_LAST_APPLY</tableName>
    <tableComments>最新用印</tableComments>
    <sysApplicationId>1</sysApplicationId>
    <tableIsCreated>Y</tableIsCreated>
    <tableType>4028814965b82b3f0165b83e145f01b8</tableType>
    <dataSourceId>dataSource</dataSourceId>
  </avicit.platform6.db.dbtabletype.dto.DbTable>
  <list>
    <avicit.platform6.db.dbtablecol.dto.DbTableColDTO>
      <createdBy>1</createdBy>
      <creationDate>2018-09-16 14:29:13.0 CST</creationDate>
      <lastUpdateDate>2018-10-11 23:45:27.0 CST</lastUpdateDate>
      <lastUpdatedBy>1</lastUpdatedBy>
      <lastUpdateIp>0:0:0:0:0:0:0:1</lastUpdateIp>
      <logFormName>存储模型列信息表</logFormName>
      <logTitle>存储模型列信息表</logTitle>
      <logType>module_operate</logType>
      <version>60</version>
      <id>4028819b65e0e3740165e111a03701c7</id>
      <tableId>4028819b65e0e3740165e1119ef901c4</tableId>
      <colName>DATA_1</colName>
      <colType>VARCHAR2</colType>
      <colLength>4000</colLength>
      <colNullable>Y</colNullable>
      <colComments>用印理由</colComments>
      <colIsPk>N</colIsPk>
      <sysApplicationId>1</sysApplicationId>
      <orgIdentity>ORG_ROOT</orgIdentity>
    </avicit.platform6.db.dbtablecol.dto.DbTableColDTO>
    <avicit.platform6.db.dbtablecol.dto.DbTableColDTO>
      <createdBy>1</createdBy>
      <creationDate>2018-09-16 14:29:13.0 CST</creationDate>
      <lastUpdateDate>2018-10-11 23:45:28.0 CST</lastUpdateDate>
      <lastUpdatedBy>1</lastUpdatedBy>
      <lastUpdateIp>0:0:0:0:0:0:0:1</lastUpdateIp>
      <logFormName>存储模型列信息表</logFormName>
      <logTitle>存储模型列信息表</logTitle>
      <logType>module_operate</logType>
      <version>60</version>
      <id>4028819b65e0e3740165e111a0f601d0</id>
      <tableId>4028819b65e0e3740165e1119ef901c4</tableId>
      <colName>DATA_4</colName>
      <colType>VARCHAR2</colType>
      <colLength>50</colLength>
      <colNullable>Y</colNullable>
      <colComments>用印材料名称</colComments>
      <colIsPk>N</colIsPk>
      <colIsUnique>N</colIsUnique>
      <sysApplicationId>1</sysApplicationId>
      <orgIdentity>ORG_ROOT</orgIdentity>
    </avicit.platform6.db.dbtablecol.dto.DbTableColDTO>
    <avicit.platform6.db.dbtablecol.dto.DbTableColDTO>
      <createdBy>1</createdBy>
      <creationDate>2018-09-16 16:44:25.0 CST</creationDate>
      <lastUpdateDate>2018-10-11 23:45:27.0 CST</lastUpdateDate>
      <lastUpdatedBy>1</lastUpdatedBy>
      <lastUpdateIp>0:0:0:0:0:0:0:1</lastUpdateIp>
      <logFormName>存储模型列信息表</logFormName>
      <logTitle>存储模型列信息表</logTitle>
      <logType>module_operate</logType>
      <version>54</version>
      <id>4028819b65e0e3740165e18d68a00242</id>
      <tableId>4028819b65e0e3740165e1119ef901c4</tableId>
      <colName>DATA_11</colName>
      <colType>VARCHAR2</colType>
      <colLength>50</colLength>
      <colNullable>Y</colNullable>
      <colComments>用印申请信息</colComments>
      <colIsPk>N</colIsPk>
      <colIsUnique>N</colIsUnique>
      <sysApplicationId>1</sysApplicationId>
      <orgIdentity>ORG_ROOT</orgIdentity>
    </avicit.platform6.db.dbtablecol.dto.DbTableColDTO>
    <avicit.platform6.db.dbtablecol.dto.DbTableColDTO>
      <createdBy>1</createdBy>
      <creationDate>2018-09-16 14:29:14.0 CST</creationDate>
      <lastUpdateDate>2018-09-16 14:29:14.0 CST</lastUpdateDate>
      <lastUpdatedBy>1</lastUpdatedBy>
      <lastUpdateIp>0:0:0:0:0:0:0:1</lastUpdateIp>
      <logFormName>存储模型列信息表</logFormName>
      <logTitle>存储模型列信息表</logTitle>
      <logType>module_operate</logType>
      <version>0</version>
      <id>4028819b65e0e3740165e111a58901e3</id>
      <tableId>4028819b65e0e3740165e1119ef901c4</tableId>
      <colName>CREATED_BY</colName>
      <colType>VARCHAR2</colType>
      <colLength>32</colLength>
      <colNullable>N</colNullable>
      <colComments>创建人ID</colComments>
      <colIsPk>N</colIsPk>
      <colIsSys>Y</colIsSys>
      <colIsUnique>N</colIsUnique>
      <sysApplicationId>1</sysApplicationId>
      <orgIdentity>ORG_ROOT</orgIdentity>
    </avicit.platform6.db.dbtablecol.dto.DbTableColDTO>
    <avicit.platform6.db.dbtablecol.dto.DbTableColDTO>
      <createdBy>1</createdBy>
      <creationDate>2018-09-16 14:29:13.0 CST</creationDate>
      <lastUpdateDate>2018-10-11 23:45:27.0 CST</lastUpdateDate>
      <lastUpdatedBy>1</lastUpdatedBy>
      <lastUpdateIp>0:0:0:0:0:0:0:1</lastUpdateIp>
      <logFormName>存储模型列信息表</logFormName>
      <logTitle>存储模型列信息表</logTitle>
      <logType>module_operate</logType>
      <version>60</version>
      <id>4028819b65e0e3740165e111a0b201ca</id>
      <tableId>4028819b65e0e3740165e1119ef901c4</tableId>
      <colName>DATA_2</colName>
      <colType>VARCHAR2</colType>
      <colLength>50</colLength>
      <colNullable>Y</colNullable>
      <colComments>用印材料类型</colComments>
      <colIsPk>N</colIsPk>
      <sysApplicationId>1</sysApplicationId>
      <orgIdentity>ORG_ROOT</orgIdentity>
    </avicit.platform6.db.dbtablecol.dto.DbTableColDTO>
    <avicit.platform6.db.dbtablecol.dto.DbTableColDTO>
      <createdBy>1</createdBy>
      <creationDate>2018-09-16 14:29:14.0 CST</creationDate>
      <lastUpdateDate>2018-09-16 14:29:14.0 CST</lastUpdateDate>
      <lastUpdatedBy>1</lastUpdatedBy>
      <lastUpdateIp>0:0:0:0:0:0:0:1</lastUpdateIp>
      <logFormName>存储模型列信息表</logFormName>
      <logTitle>存储模型列信息表</logTitle>
      <logType>module_operate</logType>
      <version>0</version>
      <id>4028819b65e0e3740165e111a57601e1</id>
      <tableId>4028819b65e0e3740165e1119ef901c4</tableId>
      <colName>CREATION_DATE</colName>
      <colType>DATE</colType>
      <colLength>0</colLength>
      <colNullable>N</colNullable>
      <colComments>创建时间</colComments>
      <colIsPk>N</colIsPk>
      <colIsSys>Y</colIsSys>
      <colIsUnique>N</colIsUnique>
      <sysApplicationId>1</sysApplicationId>
      <orgIdentity>ORG_ROOT</orgIdentity>
    </avicit.platform6.db.dbtablecol.dto.DbTableColDTO>
    <avicit.platform6.db.dbtablecol.dto.DbTableColDTO>
      <createdBy>1</createdBy>
      <creationDate>2018-09-16 16:44:25.0 CST</creationDate>
      <lastUpdateDate>2018-10-11 23:45:26.0 CST</lastUpdateDate>
      <lastUpdatedBy>1</lastUpdatedBy>
      <lastUpdateIp>0:0:0:0:0:0:0:1</lastUpdateIp>
      <logFormName>存储模型列信息表</logFormName>
      <logTitle>存储模型列信息表</logTitle>
      <logType>module_operate</logType>
      <version>54</version>
      <id>4028819b65e0e3740165e18d6859023f</id>
      <tableId>4028819b65e0e3740165e1119ef901c4</tableId>
      <colName>DATA_10</colName>
      <colType>VARCHAR2</colType>
      <colLength>50</colLength>
      <colNullable>Y</colNullable>
      <colComments>用印人所属单位</colComments>
      <colIsPk>N</colIsPk>
      <colIsUnique>N</colIsUnique>
      <sysApplicationId>1</sysApplicationId>
      <orgIdentity>ORG_ROOT</orgIdentity>
    </avicit.platform6.db.dbtablecol.dto.DbTableColDTO>
    <avicit.platform6.db.dbtablecol.dto.DbTableColDTO>
      <createdBy>1</createdBy>
      <creationDate>2018-09-19 00:17:25.0 CST</creationDate>
      <lastUpdateDate>2018-10-11 23:45:28.0 CST</lastUpdateDate>
      <lastUpdatedBy>1</lastUpdatedBy>
      <lastUpdateIp>0:0:0:0:0:0:0:1</lastUpdateIp>
      <logFormName>存储模型列信息表</logFormName>
      <logTitle>存储模型列信息表</logTitle>
      <logType>module_operate</logType>
      <version>16</version>
      <id>4028818465ed67b70165ed78dd6501e1</id>
      <tableId>4028819b65e0e3740165e1119ef901c4</tableId>
      <colName>SECRET_LEVEL</colName>
      <colType>VARCHAR2</colType>
      <colLength>50</colLength>
      <colNullable>Y</colNullable>
      <colComments>密级</colComments>
      <colIsPk>N</colIsPk>
      <sysApplicationId>1</sysApplicationId>
      <orgIdentity>ORG_ROOT</orgIdentity>
    </avicit.platform6.db.dbtablecol.dto.DbTableColDTO>
    <avicit.platform6.db.dbtablecol.dto.DbTableColDTO>
      <createdBy>1</createdBy>
      <creationDate>2018-09-16 14:29:14.0 CST</creationDate>
      <lastUpdateDate>2018-09-16 14:29:14.0 CST</lastUpdateDate>
      <lastUpdatedBy>1</lastUpdatedBy>
      <lastUpdateIp>0:0:0:0:0:0:0:1</lastUpdateIp>
      <logFormName>存储模型列信息表</logFormName>
      <logTitle>存储模型列信息表</logTitle>
      <logType>module_operate</logType>
      <version>0</version>
      <id>4028819b65e0e3740165e111a52801d9</id>
      <tableId>4028819b65e0e3740165e1119ef901c4</tableId>
      <colName>ID</colName>
      <colType>VARCHAR2</colType>
      <colLength>50</colLength>
      <colNullable>N</colNullable>
      <colComments>ID</colComments>
      <colIsPk>Y</colIsPk>
      <colIsSys>Y</colIsSys>
      <colIsUnique>Y</colIsUnique>
      <sysApplicationId>1</sysApplicationId>
      <orgIdentity>ORG_ROOT</orgIdentity>
    </avicit.platform6.db.dbtablecol.dto.DbTableColDTO>
    <avicit.platform6.db.dbtablecol.dto.DbTableColDTO>
      <createdBy>1</createdBy>
      <creationDate>2018-09-16 16:44:25.0 CST</creationDate>
      <lastUpdateDate>2018-10-11 23:45:26.0 CST</lastUpdateDate>
      <lastUpdatedBy>1</lastUpdatedBy>
      <lastUpdateIp>0:0:0:0:0:0:0:1</lastUpdateIp>
      <logFormName>存储模型列信息表</logFormName>
      <logTitle>存储模型列信息表</logTitle>
      <logType>module_operate</logType>
      <version>54</version>
      <id>4028819b65e0e3740165e18d6810023c</id>
      <tableId>4028819b65e0e3740165e1119ef901c4</tableId>
      <colName>DATA_9</colName>
      <colType>VARCHAR2</colType>
      <colLength>50</colLength>
      <colNullable>Y</colNullable>
      <colComments>用印人部门信息</colComments>
      <colIsPk>N</colIsPk>
      <colIsUnique>N</colIsUnique>
      <sysApplicationId>1</sysApplicationId>
      <orgIdentity>ORG_ROOT</orgIdentity>
    </avicit.platform6.db.dbtablecol.dto.DbTableColDTO>
    <avicit.platform6.db.dbtablecol.dto.DbTableColDTO>
      <createdBy>1</createdBy>
      <creationDate>2018-09-16 20:46:59.0 CST</creationDate>
      <lastUpdateDate>2018-09-18 13:33:56.0 CST</lastUpdateDate>
      <lastUpdatedBy>1</lastUpdatedBy>
      <lastUpdateIp>0:0:0:0:0:0:0:1</lastUpdateIp>
      <logFormName>存储模型列信息表</logFormName>
      <logTitle>存储模型列信息表</logTitle>
      <logType>module_operate</logType>
      <version>19</version>
      <id>4028819b65e0e3740165e26b7c390318</id>
      <tableId>4028819b65e0e3740165e1119ef901c4</tableId>
      <colName>DATA_17</colName>
      <colType>CLOB</colType>
      <colLength>1000</colLength>
      <colNullable>Y</colNullable>
      <colComments>印章管理部门（主）</colComments>
      <colIsPk>N</colIsPk>
      <colIsUnique>N</colIsUnique>
      <sysApplicationId>1</sysApplicationId>
      <orgIdentity>ORG_ROOT</orgIdentity>
    </avicit.platform6.db.dbtablecol.dto.DbTableColDTO>
    <avicit.platform6.db.dbtablecol.dto.DbTableColDTO>
      <createdBy>1</createdBy>
      <creationDate>2018-09-18 00:17:48.0 CST</creationDate>
      <lastUpdateDate>2018-10-11 23:45:29.0 CST</lastUpdateDate>
      <lastUpdatedBy>1</lastUpdatedBy>
      <lastUpdateIp>0:0:0:0:0:0:0:1</lastUpdateIp>
      <logFormName>存储模型列信息表</logFormName>
      <logTitle>存储模型列信息表</logTitle>
      <logType>module_operate</logType>
      <version>37</version>
      <id>4028819b65e7bb550165e852d87c030c</id>
      <tableId>4028819b65e0e3740165e1119ef901c4</tableId>
      <colName>SUB_LEADER</colName>
      <colType>CLOB</colType>
      <colLength>1000</colLength>
      <colNullable>Y</colNullable>
      <colComments>分管所领导</colComments>
      <colIsPk>N</colIsPk>
      <colIsUnique>N</colIsUnique>
      <sysApplicationId>1</sysApplicationId>
      <orgIdentity>ORG_ROOT</orgIdentity>
    </avicit.platform6.db.dbtablecol.dto.DbTableColDTO>
    <avicit.platform6.db.dbtablecol.dto.DbTableColDTO>
      <createdBy>1</createdBy>
      <creationDate>2018-09-18 19:19:53.0 CST</creationDate>
      <lastUpdateDate>2018-10-11 23:45:29.0 CST</lastUpdateDate>
      <lastUpdatedBy>1</lastUpdatedBy>
      <lastUpdateIp>0:0:0:0:0:0:0:1</lastUpdateIp>
      <logFormName>存储模型列信息表</logFormName>
      <logTitle>存储模型列信息表</logTitle>
      <logType>module_operate</logType>
      <version>27</version>
      <id>4028814965ebd9bb0165ec6875df07f0</id>
      <tableId>4028819b65e0e3740165e1119ef901c4</tableId>
      <colName>DATA_23</colName>
      <colType>CLOB</colType>
      <colLength>1000</colLength>
      <colNullable>Y</colNullable>
      <colComments>印章管理员（主）</colComments>
      <colIsPk>N</colIsPk>
      <colIsUnique>N</colIsUnique>
      <sysApplicationId>1</sysApplicationId>
      <orgIdentity>ORG_ROOT</orgIdentity>
    </avicit.platform6.db.dbtablecol.dto.DbTableColDTO>
    <avicit.platform6.db.dbtablecol.dto.DbTableColDTO>
      <createdBy>1</createdBy>
      <creationDate>2018-09-19 09:49:09.0 CST</creationDate>
      <lastUpdateDate>2018-10-11 23:45:28.0 CST</lastUpdateDate>
      <lastUpdatedBy>1</lastUpdatedBy>
      <lastUpdateIp>0:0:0:0:0:0:0:1</lastUpdateIp>
      <logFormName>存储模型列信息表</logFormName>
      <logTitle>存储模型列信息表</logTitle>
      <logType>module_operate</logType>
      <version>14</version>
      <id>4028814965ef64af0165ef844b5702ce</id>
      <tableId>4028819b65e0e3740165e1119ef901c4</tableId>
      <colName>BUSINESS_DEPART</colName>
      <colType>CLOB</colType>
      <colLength>1000</colLength>
      <colNullable>Y</colNullable>
      <colComments>业务管理部</colComments>
      <colIsPk>N</colIsPk>
      <colIsUnique>N</colIsUnique>
      <sysApplicationId>1</sysApplicationId>
      <orgIdentity>ORG_ROOT</orgIdentity>
    </avicit.platform6.db.dbtablecol.dto.DbTableColDTO>
    <avicit.platform6.db.dbtablecol.dto.DbTableColDTO>
      <createdBy>1</createdBy>
      <creationDate>2018-09-16 14:29:14.0 CST</creationDate>
      <lastUpdateDate>2018-09-16 14:29:14.0 CST</lastUpdateDate>
      <lastUpdatedBy>1</lastUpdatedBy>
      <lastUpdateIp>0:0:0:0:0:0:0:1</lastUpdateIp>
      <logFormName>存储模型列信息表</logFormName>
      <logTitle>存储模型列信息表</logTitle>
      <logType>module_operate</logType>
      <version>0</version>
      <id>4028819b65e0e3740165e111a54601dd</id>
      <tableId>4028819b65e0e3740165e1119ef901c4</tableId>
      <colName>LAST_UPDATED_BY</colName>
      <colType>VARCHAR2</colType>
      <colLength>32</colLength>
      <colNullable>N</colNullable>
      <colComments>最后更新人ID</colComments>
      <colIsPk>N</colIsPk>
      <colIsSys>Y</colIsSys>
      <colIsUnique>N</colIsUnique>
      <sysApplicationId>1</sysApplicationId>
      <orgIdentity>ORG_ROOT</orgIdentity>
    </avicit.platform6.db.dbtablecol.dto.DbTableColDTO>
    <avicit.platform6.db.dbtablecol.dto.DbTableColDTO>
      <createdBy>1</createdBy>
      <creationDate>2018-09-16 14:29:14.0 CST</creationDate>
      <lastUpdateDate>2018-09-16 14:29:14.0 CST</lastUpdateDate>
      <lastUpdatedBy>1</lastUpdatedBy>
      <lastUpdateIp>0:0:0:0:0:0:0:1</lastUpdateIp>
      <logFormName>存储模型列信息表</logFormName>
      <logTitle>存储模型列信息表</logTitle>
      <logType>module_operate</logType>
      <version>0</version>
      <id>4028819b65e0e3740165e111a55601df</id>
      <tableId>4028819b65e0e3740165e1119ef901c4</tableId>
      <colName>VERSION</colName>
      <colType>NUMBER</colType>
      <colLength>16</colLength>
      <colNullable>N</colNullable>
      <colComments>版本</colComments>
      <colIsPk>N</colIsPk>
      <colIsSys>Y</colIsSys>
      <colIsUnique>N</colIsUnique>
      <sysApplicationId>1</sysApplicationId>
      <orgIdentity>ORG_ROOT</orgIdentity>
    </avicit.platform6.db.dbtablecol.dto.DbTableColDTO>
    <avicit.platform6.db.dbtablecol.dto.DbTableColDTO>
      <createdBy>1</createdBy>
      <creationDate>2018-09-16 14:29:14.0 CST</creationDate>
      <lastUpdateDate>2018-09-16 14:29:14.0 CST</lastUpdateDate>
      <lastUpdatedBy>1</lastUpdatedBy>
      <lastUpdateIp>0:0:0:0:0:0:0:1</lastUpdateIp>
      <logFormName>存储模型列信息表</logFormName>
      <logTitle>存储模型列信息表</logTitle>
      <logType>module_operate</logType>
      <version>0</version>
      <id>4028819b65e0e3740165e111a5a601e5</id>
      <tableId>4028819b65e0e3740165e1119ef901c4</tableId>
      <colName>LAST_UPDATE_IP</colName>
      <colType>VARCHAR2</colType>
      <colLength>32</colLength>
      <colNullable>N</colNullable>
      <colComments>创建人IP</colComments>
      <colIsPk>N</colIsPk>
      <colIsSys>Y</colIsSys>
      <colIsUnique>N</colIsUnique>
      <sysApplicationId>1</sysApplicationId>
      <orgIdentity>ORG_ROOT</orgIdentity>
    </avicit.platform6.db.dbtablecol.dto.DbTableColDTO>
    <avicit.platform6.db.dbtablecol.dto.DbTableColDTO>
      <createdBy>1</createdBy>
      <creationDate>2018-09-16 20:35:41.0 CST</creationDate>
      <lastUpdateDate>2018-10-11 23:45:28.0 CST</lastUpdateDate>
      <lastUpdatedBy>1</lastUpdatedBy>
      <lastUpdateIp>0:0:0:0:0:0:0:1</lastUpdateIp>
      <logFormName>存储模型列信息表</logFormName>
      <logTitle>存储模型列信息表</logTitle>
      <logType>module_operate</logType>
      <version>52</version>
      <id>4028819b65e0e3740165e26124f3030b</id>
      <tableId>4028819b65e0e3740165e1119ef901c4</tableId>
      <colName>DATA_12</colName>
      <colType>VARCHAR2</colType>
      <colLength>50</colLength>
      <colNullable>Y</colNullable>
      <colComments>印章级别</colComments>
      <colIsPk>N</colIsPk>
      <sysApplicationId>1</sysApplicationId>
      <orgIdentity>ORG_ROOT</orgIdentity>
    </avicit.platform6.db.dbtablecol.dto.DbTableColDTO>
    <avicit.platform6.db.dbtablecol.dto.DbTableColDTO>
      <createdBy>1</createdBy>
      <creationDate>2018-09-16 20:46:10.0 CST</creationDate>
      <lastUpdateDate>2018-09-17 21:48:40.0 CST</lastUpdateDate>
      <lastUpdatedBy>1</lastUpdatedBy>
      <lastUpdateIp>0:0:0:0:0:0:0:1</lastUpdateIp>
      <logFormName>存储模型列信息表</logFormName>
      <logTitle>存储模型列信息表</logTitle>
      <logType>module_operate</logType>
      <version>13</version>
      <id>4028819b65e0e3740165e26abdcb0313</id>
      <tableId>4028819b65e0e3740165e1119ef901c4</tableId>
      <colName>DATA_16</colName>
      <colType>CLOB</colType>
      <colLength>1000</colLength>
      <colNullable>Y</colNullable>
      <colComments>分管所领导</colComments>
      <colIsPk>N</colIsPk>
      <colIsUnique>N</colIsUnique>
      <sysApplicationId>1</sysApplicationId>
      <orgIdentity>ORG_ROOT</orgIdentity>
    </avicit.platform6.db.dbtablecol.dto.DbTableColDTO>
    <avicit.platform6.db.dbtablecol.dto.DbTableColDTO>
      <createdBy>1</createdBy>
      <creationDate>2018-09-16 21:43:51.0 CST</creationDate>
      <lastUpdateDate>2018-10-11 23:45:29.0 CST</lastUpdateDate>
      <lastUpdatedBy>1</lastUpdatedBy>
      <lastUpdateIp>0:0:0:0:0:0:0:1</lastUpdateIp>
      <logFormName>存储模型列信息表</logFormName>
      <logTitle>存储模型列信息表</logTitle>
      <logType>module_operate</logType>
      <version>49</version>
      <id>4028819b65e0e3740165e29f8ccb035a</id>
      <tableId>4028819b65e0e3740165e1119ef901c4</tableId>
      <colName>DATA_20</colName>
      <colType>VARCHAR2</colType>
      <colLength>50</colLength>
      <colNullable>Y</colNullable>
      <colComments>主要印章</colComments>
      <colIsPk>N</colIsPk>
      <sysApplicationId>1</sysApplicationId>
      <orgIdentity>ORG_ROOT</orgIdentity>
    </avicit.platform6.db.dbtablecol.dto.DbTableColDTO>
    <avicit.platform6.db.dbtablecol.dto.DbTableColDTO>
      <createdBy>1</createdBy>
      <creationDate>2018-09-16 14:29:13.0 CST</creationDate>
      <lastUpdateDate>2018-10-11 23:45:27.0 CST</lastUpdateDate>
      <lastUpdatedBy>1</lastUpdatedBy>
      <lastUpdateIp>0:0:0:0:0:0:0:1</lastUpdateIp>
      <logFormName>存储模型列信息表</logFormName>
      <logTitle>存储模型列信息表</logTitle>
      <logType>module_operate</logType>
      <version>60</version>
      <id>4028819b65e0e3740165e111a0d101cd</id>
      <tableId>4028819b65e0e3740165e1119ef901c4</tableId>
      <colName>DATA_3</colName>
      <colType>VARCHAR2</colType>
      <colLength>50</colLength>
      <colNullable>Y</colNullable>
      <colComments>用印材料类别</colComments>
      <colIsPk>N</colIsPk>
      <sysApplicationId>1</sysApplicationId>
      <orgIdentity>ORG_ROOT</orgIdentity>
    </avicit.platform6.db.dbtablecol.dto.DbTableColDTO>
    <avicit.platform6.db.dbtablecol.dto.DbTableColDTO>
      <createdBy>1</createdBy>
      <creationDate>2018-09-16 14:29:14.0 CST</creationDate>
      <lastUpdateDate>2018-10-11 23:45:28.0 CST</lastUpdateDate>
      <lastUpdatedBy>1</lastUpdatedBy>
      <lastUpdateIp>0:0:0:0:0:0:0:1</lastUpdateIp>
      <logFormName>存储模型列信息表</logFormName>
      <logTitle>存储模型列信息表</logTitle>
      <logType>module_operate</logType>
      <version>60</version>
      <id>4028819b65e0e3740165e111a4fd01d6</id>
      <tableId>4028819b65e0e3740165e1119ef901c4</tableId>
      <colName>DATA_6</colName>
      <colType>VARCHAR2</colType>
      <colLength>4000</colLength>
      <colNullable>Y</colNullable>
      <colComments>无附件说明</colComments>
      <colIsPk>N</colIsPk>
      <sysApplicationId>1</sysApplicationId>
      <orgIdentity>ORG_ROOT</orgIdentity>
    </avicit.platform6.db.dbtablecol.dto.DbTableColDTO>
    <avicit.platform6.db.dbtablecol.dto.DbTableColDTO>
      <createdBy>1</createdBy>
      <creationDate>2018-09-16 14:29:14.0 CST</creationDate>
      <lastUpdateDate>2018-09-16 14:29:14.0 CST</lastUpdateDate>
      <lastUpdatedBy>1</lastUpdatedBy>
      <lastUpdateIp>0:0:0:0:0:0:0:1</lastUpdateIp>
      <logFormName>存储模型列信息表</logFormName>
      <logTitle>存储模型列信息表</logTitle>
      <logType>module_operate</logType>
      <version>0</version>
      <id>4028819b65e0e3740165e111a53701db</id>
      <tableId>4028819b65e0e3740165e1119ef901c4</tableId>
      <colName>LAST_UPDATE_DATE</colName>
      <colType>DATE</colType>
      <colLength>0</colLength>
      <colNullable>N</colNullable>
      <colComments>最后更新时间</colComments>
      <colIsPk>N</colIsPk>
      <colIsSys>Y</colIsSys>
      <colIsUnique>N</colIsUnique>
      <sysApplicationId>1</sysApplicationId>
      <orgIdentity>ORG_ROOT</orgIdentity>
    </avicit.platform6.db.dbtablecol.dto.DbTableColDTO>
    <avicit.platform6.db.dbtablecol.dto.DbTableColDTO>
      <createdBy>1</createdBy>
      <creationDate>2018-09-16 14:29:14.0 CST</creationDate>
      <lastUpdateDate>2018-09-16 14:29:14.0 CST</lastUpdateDate>
      <lastUpdatedBy>1</lastUpdatedBy>
      <lastUpdateIp>0:0:0:0:0:0:0:1</lastUpdateIp>
      <logFormName>存储模型列信息表</logFormName>
      <logTitle>存储模型列信息表</logTitle>
      <logType>module_operate</logType>
      <version>0</version>
      <id>4028819b65e0e3740165e111a5bc01e6</id>
      <tableId>4028819b65e0e3740165e1119ef901c4</tableId>
      <colName>ORG_IDENTITY</colName>
      <colType>VARCHAR2</colType>
      <colLength>32</colLength>
      <colNullable>N</colNullable>
      <colComments>组织ID</colComments>
      <colIsPk>N</colIsPk>
      <colIsSys>Y</colIsSys>
      <colIsUnique>N</colIsUnique>
      <sysApplicationId>1</sysApplicationId>
      <orgIdentity>ORG_ROOT</orgIdentity>
    </avicit.platform6.db.dbtablecol.dto.DbTableColDTO>
    <avicit.platform6.db.dbtablecol.dto.DbTableColDTO>
      <createdBy>1</createdBy>
      <creationDate>2018-09-16 16:44:25.0 CST</creationDate>
      <lastUpdateDate>2018-10-11 23:45:26.0 CST</lastUpdateDate>
      <lastUpdatedBy>1</lastUpdatedBy>
      <lastUpdateIp>0:0:0:0:0:0:0:1</lastUpdateIp>
      <logFormName>存储模型列信息表</logFormName>
      <logTitle>存储模型列信息表</logTitle>
      <logType>module_operate</logType>
      <version>54</version>
      <id>4028819b65e0e3740165e18d66fa0239</id>
      <tableId>4028819b65e0e3740165e1119ef901c4</tableId>
      <colName>DATA_8</colName>
      <colType>VARCHAR2</colType>
      <colLength>50</colLength>
      <colNullable>Y</colNullable>
      <colComments>用印人</colComments>
      <colIsPk>N</colIsPk>
      <colIsUnique>N</colIsUnique>
      <sysApplicationId>1</sysApplicationId>
      <orgIdentity>ORG_ROOT</orgIdentity>
    </avicit.platform6.db.dbtablecol.dto.DbTableColDTO>
    <avicit.platform6.db.dbtablecol.dto.DbTableColDTO>
      <createdBy>1</createdBy>
      <creationDate>2018-09-16 20:35:42.0 CST</creationDate>
      <lastUpdateDate>2018-09-19 00:18:08.0 CST</lastUpdateDate>
      <lastUpdatedBy>1</lastUpdatedBy>
      <lastUpdateIp>0:0:0:0:0:0:0:1</lastUpdateIp>
      <logFormName>存储模型列信息表</logFormName>
      <logTitle>存储模型列信息表</logTitle>
      <logType>module_operate</logType>
      <version>37</version>
      <id>4028819b65e0e3740165e26125fc030e</id>
      <tableId>4028819b65e0e3740165e1119ef901c4</tableId>
      <colName>DATA_13</colName>
      <colType>CLOB</colType>
      <colLength>1000</colLength>
      <colNullable>Y</colNullable>
      <colComments>业务管理部</colComments>
      <colIsPk>N</colIsPk>
      <colIsUnique>N</colIsUnique>
      <sysApplicationId>1</sysApplicationId>
      <orgIdentity>ORG_ROOT</orgIdentity>
    </avicit.platform6.db.dbtablecol.dto.DbTableColDTO>
    <avicit.platform6.db.dbtablecol.dto.DbTableColDTO>
      <createdBy>1</createdBy>
      <creationDate>2018-09-16 21:43:51.0 CST</creationDate>
      <lastUpdateDate>2018-10-11 23:45:29.0 CST</lastUpdateDate>
      <lastUpdatedBy>1</lastUpdatedBy>
      <lastUpdateIp>0:0:0:0:0:0:0:1</lastUpdateIp>
      <logFormName>存储模型列信息表</logFormName>
      <logTitle>存储模型列信息表</logTitle>
      <logType>module_operate</logType>
      <version>49</version>
      <id>4028819b65e0e3740165e29f8d1e035d</id>
      <tableId>4028819b65e0e3740165e1119ef901c4</tableId>
      <colName>DATA_21</colName>
      <colType>VARCHAR2</colType>
      <colLength>50</colLength>
      <colNullable>Y</colNullable>
      <colComments>是否授权</colComments>
      <colIsPk>N</colIsPk>
      <sysApplicationId>1</sysApplicationId>
      <orgIdentity>ORG_ROOT</orgIdentity>
    </avicit.platform6.db.dbtablecol.dto.DbTableColDTO>
    <avicit.platform6.db.dbtablecol.dto.DbTableColDTO>
      <createdBy>1</createdBy>
      <creationDate>2018-09-18 18:30:33.0 CST</creationDate>
      <lastUpdateDate>2018-10-11 23:45:29.0 CST</lastUpdateDate>
      <lastUpdatedBy>1</lastUpdatedBy>
      <lastUpdateIp>0:0:0:0:0:0:0:1</lastUpdateIp>
      <logFormName>存储模型列信息表</logFormName>
      <logTitle>存储模型列信息表</logTitle>
      <logType>module_operate</logType>
      <version>28</version>
      <id>4028814965ebd9bb0165ec3b495507e7</id>
      <tableId>4028819b65e0e3740165e1119ef901c4</tableId>
      <colName>DATA_22</colName>
      <colType>CLOB</colType>
      <colLength>1000</colLength>
      <colNullable>Y</colNullable>
      <colComments>印章管理部门（主）</colComments>
      <colIsPk>N</colIsPk>
      <colIsUnique>N</colIsUnique>
      <sysApplicationId>1</sysApplicationId>
      <orgIdentity>ORG_ROOT</orgIdentity>
    </avicit.platform6.db.dbtablecol.dto.DbTableColDTO>
    <avicit.platform6.db.dbtablecol.dto.DbTableColDTO>
      <createdBy>1</createdBy>
      <creationDate>2018-09-16 14:29:13.0 CST</creationDate>
      <lastUpdateDate>2018-10-11 23:45:28.0 CST</lastUpdateDate>
      <lastUpdatedBy>1</lastUpdatedBy>
      <lastUpdateIp>0:0:0:0:0:0:0:1</lastUpdateIp>
      <logFormName>存储模型列信息表</logFormName>
      <logTitle>存储模型列信息表</logTitle>
      <logType>module_operate</logType>
      <version>60</version>
      <id>4028819b65e0e3740165e111a11601d3</id>
      <tableId>4028819b65e0e3740165e1119ef901c4</tableId>
      <colName>DATA_5</colName>
      <colType>VARCHAR2</colType>
      <colLength>50</colLength>
      <colNullable>Y</colNullable>
      <colComments>有无附件</colComments>
      <colIsPk>N</colIsPk>
      <sysApplicationId>1</sysApplicationId>
      <orgIdentity>ORG_ROOT</orgIdentity>
    </avicit.platform6.db.dbtablecol.dto.DbTableColDTO>
    <avicit.platform6.db.dbtablecol.dto.DbTableColDTO>
      <createdBy>1</createdBy>
      <creationDate>2018-09-16 20:46:59.0 CST</creationDate>
      <lastUpdateDate>2018-09-18 13:33:56.0 CST</lastUpdateDate>
      <lastUpdatedBy>1</lastUpdatedBy>
      <lastUpdateIp>0:0:0:0:0:0:0:1</lastUpdateIp>
      <logFormName>存储模型列信息表</logFormName>
      <logTitle>存储模型列信息表</logTitle>
      <logType>module_operate</logType>
      <version>19</version>
      <id>4028819b65e0e3740165e26b7c90031b</id>
      <tableId>4028819b65e0e3740165e1119ef901c4</tableId>
      <colName>DATA_18</colName>
      <colType>CLOB</colType>
      <colLength>1000</colLength>
      <colNullable>Y</colNullable>
      <colComments>管理员（主）</colComments>
      <colIsPk>N</colIsPk>
      <colIsUnique>N</colIsUnique>
      <sysApplicationId>1</sysApplicationId>
      <orgIdentity>ORG_ROOT</orgIdentity>
    </avicit.platform6.db.dbtablecol.dto.DbTableColDTO>
    <avicit.platform6.db.dbtablecol.dto.DbTableColDTO>
      <createdBy>1</createdBy>
      <creationDate>2018-09-19 00:16:02.0 CST</creationDate>
      <lastUpdateDate>2018-09-19 00:16:02.0 CST</lastUpdateDate>
      <lastUpdatedBy>1</lastUpdatedBy>
      <lastUpdateIp>0:0:0:0:0:0:0:1</lastUpdateIp>
      <logFormName>存储模型列信息表</logFormName>
      <logTitle>存储模型列信息表</logTitle>
      <logType>module_operate</logType>
      <version>0</version>
      <id>4028818465ed67b70165ed7797b101db</id>
      <tableId>4028819b65e0e3740165e1119ef901c4</tableId>
      <colName>SECRECT_LEVEL</colName>
      <colType>VARCHAR2</colType>
      <colLength>50</colLength>
      <colNullable>Y</colNullable>
      <colComments>密级</colComments>
      <colIsPk>N</colIsPk>
      <sysApplicationId>1</sysApplicationId>
      <orgIdentity>ORG_ROOT</orgIdentity>
    </avicit.platform6.db.dbtablecol.dto.DbTableColDTO>
  </list>
  <list/>
</list>