<list>
  <avicit.platform6.db.dbtabletype.dto.DbTable>
    <createdBy>1</createdBy>
    <creationDate>2017-07-10 20:58:11.0 CST</creationDate>
    <lastUpdateDate>2017-07-10 20:58:11.0 CST</lastUpdateDate>
    <lastUpdatedBy>1</lastUpdatedBy>
    <lastUpdateIp>0:0:0:0:0:0:0:1</lastUpdateIp>
    <logFormName>存储模型表</logFormName>
    <logTitle>存储模型表</logTitle>
    <logType>module_operate</logType>
    <version>0</version>
    <id>402882185d2b7562015d2c9421670225</id>
    <tableName>DYN_EVECTION</tableName>
    <tableComments>DYN_EVECTION</tableComments>
    <sysApplicationId>1</sysApplicationId>
    <orgIdentity>ORG_ROOT</orgIdentity>
    <tableIsCreated>Y</tableIsCreated>
    <tableType>402882185d2b7562015d2c9556090257</tableType>
  </avicit.platform6.db.dbtabletype.dto.DbTable>
  <list>
    <avicit.platform6.db.dbtablecol.dto.DbTableColDTO>
      <createdBy>1</createdBy>
      <creationDate>2017-07-10 20:58:12.0 CST</creationDate>
      <lastUpdateDate>2017-07-10 20:58:12.0 CST</lastUpdateDate>
      <lastUpdatedBy>1</lastUpdatedBy>
      <lastUpdateIp>0:0:0:0:0:0:0:1</lastUpdateIp>
      <logFormName>存储模型列信息表</logFormName>
      <logTitle>存储模型列信息表</logTitle>
      <logType>module_operate</logType>
      <version>0</version>
      <id>402882185d2b7562015d2c9424220250</id>
      <tableId>402882185d2b7562015d2c9421670225</tableId>
      <colName>ORG_IDENTITY</colName>
      <colType>VARCHAR2</colType>
      <colLength>32</colLength>
      <colNullable>N</colNullable>
      <colComments>组织ID</colComments>
      <colIsPk>N</colIsPk>
      <colIsSys>Y</colIsSys>
      <colIsUnique>N</colIsUnique>
      <sysApplicationId>1</sysApplicationId>
      <orgIdentity>ORG_ROOT</orgIdentity>
    </avicit.platform6.db.dbtablecol.dto.DbTableColDTO>
    <avicit.platform6.db.dbtablecol.dto.DbTableColDTO>
      <createdBy>1</createdBy>
      <creationDate>2017-07-15 14:41:00.0 CST</creationDate>
      <lastUpdateDate>2017-07-15 16:02:19.0 CST</lastUpdateDate>
      <lastUpdatedBy>1</lastUpdatedBy>
      <lastUpdateIp>0:0:0:0:0:0:0:1</lastUpdateIp>
      <logFormName>存储模型列信息表</logFormName>
      <logTitle>存储模型列信息表</logTitle>
      <logType>module_operate</logType>
      <version>5</version>
      <id>402882185d3fca8a015d44fa990a0600</id>
      <tableId>402882185d2b7562015d2c9421670225</tableId>
      <colName>DRAFT_USER_ID</colName>
      <colType>VARCHAR2</colType>
      <colLength>50</colLength>
      <colNullable>Y</colNullable>
      <colComments>申请人</colComments>
      <colIsPk>N</colIsPk>
      <sysApplicationId>1</sysApplicationId>
      <orgIdentity>ORG_ROOT</orgIdentity>
    </avicit.platform6.db.dbtablecol.dto.DbTableColDTO>
    <avicit.platform6.db.dbtablecol.dto.DbTableColDTO>
      <createdBy>1</createdBy>
      <creationDate>2017-07-10 20:58:12.0 CST</creationDate>
      <lastUpdateDate>2017-07-10 20:58:12.0 CST</lastUpdateDate>
      <lastUpdatedBy>1</lastUpdatedBy>
      <lastUpdateIp>0:0:0:0:0:0:0:1</lastUpdateIp>
      <logFormName>存储模型列信息表</logFormName>
      <logTitle>存储模型列信息表</logTitle>
      <logType>module_operate</logType>
      <version>0</version>
      <id>402882185d2b7562015d2c9423e4024a</id>
      <tableId>402882185d2b7562015d2c9421670225</tableId>
      <colName>CREATION_DATE</colName>
      <colType>DATE</colType>
      <colLength>0</colLength>
      <colNullable>N</colNullable>
      <colComments>创建时间</colComments>
      <colIsPk>N</colIsPk>
      <colIsSys>Y</colIsSys>
      <colIsUnique>N</colIsUnique>
      <sysApplicationId>1</sysApplicationId>
      <orgIdentity>ORG_ROOT</orgIdentity>
    </avicit.platform6.db.dbtablecol.dto.DbTableColDTO>
    <avicit.platform6.db.dbtablecol.dto.DbTableColDTO>
      <createdBy>1</createdBy>
      <creationDate>2017-07-10 20:58:12.0 CST</creationDate>
      <lastUpdateDate>2017-07-10 20:58:12.0 CST</lastUpdateDate>
      <lastUpdatedBy>1</lastUpdatedBy>
      <lastUpdateIp>0:0:0:0:0:0:0:1</lastUpdateIp>
      <logFormName>存储模型列信息表</logFormName>
      <logTitle>存储模型列信息表</logTitle>
      <logType>module_operate</logType>
      <version>0</version>
      <id>402882185d2b7562015d2c9423ba0246</id>
      <tableId>402882185d2b7562015d2c9421670225</tableId>
      <colName>LAST_UPDATED_BY</colName>
      <colType>VARCHAR2</colType>
      <colLength>32</colLength>
      <colNullable>N</colNullable>
      <colComments>最后更新人ID</colComments>
      <colIsPk>N</colIsPk>
      <colIsSys>Y</colIsSys>
      <colIsUnique>N</colIsUnique>
      <sysApplicationId>1</sysApplicationId>
      <orgIdentity>ORG_ROOT</orgIdentity>
    </avicit.platform6.db.dbtablecol.dto.DbTableColDTO>
    <avicit.platform6.db.dbtablecol.dto.DbTableColDTO>
      <createdBy>1</createdBy>
      <creationDate>2017-07-10 20:58:12.0 CST</creationDate>
      <lastUpdateDate>2017-07-15 16:02:20.0 CST</lastUpdateDate>
      <lastUpdatedBy>1</lastUpdatedBy>
      <lastUpdateIp>0:0:0:0:0:0:0:1</lastUpdateIp>
      <logFormName>存储模型列信息表</logFormName>
      <logTitle>存储模型列信息表</logTitle>
      <logType>module_operate</logType>
      <version>10</version>
      <id>402882185d2b7562015d2c94230e0239</id>
      <tableId>402882185d2b7562015d2c9421670225</tableId>
      <colName>END_DATE</colName>
      <colType>DATE</colType>
      <colNullable>Y</colNullable>
      <colComments>结束时间</colComments>
      <colIsPk>N</colIsPk>
      <sysApplicationId>1</sysApplicationId>
      <orgIdentity>ORG_ROOT</orgIdentity>
    </avicit.platform6.db.dbtablecol.dto.DbTableColDTO>
    <avicit.platform6.db.dbtablecol.dto.DbTableColDTO>
      <createdBy>1</createdBy>
      <creationDate>2017-07-10 20:58:12.0 CST</creationDate>
      <lastUpdateDate>2017-07-15 16:02:20.0 CST</lastUpdateDate>
      <lastUpdatedBy>1</lastUpdatedBy>
      <lastUpdateIp>0:0:0:0:0:0:0:1</lastUpdateIp>
      <logFormName>存储模型列信息表</logFormName>
      <logTitle>存储模型列信息表</logTitle>
      <logType>module_operate</logType>
      <version>10</version>
      <id>402882185d2b7562015d2c942364023f</id>
      <tableId>402882185d2b7562015d2c9421670225</tableId>
      <colName>REASON</colName>
      <colType>VARCHAR2</colType>
      <colLength>4000</colLength>
      <colNullable>Y</colNullable>
      <colComments>出差事由</colComments>
      <colIsPk>N</colIsPk>
      <sysApplicationId>1</sysApplicationId>
      <orgIdentity>ORG_ROOT</orgIdentity>
    </avicit.platform6.db.dbtablecol.dto.DbTableColDTO>
    <avicit.platform6.db.dbtablecol.dto.DbTableColDTO>
      <createdBy>1</createdBy>
      <creationDate>2017-07-10 20:58:12.0 CST</creationDate>
      <lastUpdateDate>2017-07-10 20:58:12.0 CST</lastUpdateDate>
      <lastUpdatedBy>1</lastUpdatedBy>
      <lastUpdateIp>0:0:0:0:0:0:0:1</lastUpdateIp>
      <logFormName>存储模型列信息表</logFormName>
      <logTitle>存储模型列信息表</logTitle>
      <logType>module_operate</logType>
      <version>0</version>
      <id>402882185d2b7562015d2c9423f9024c</id>
      <tableId>402882185d2b7562015d2c9421670225</tableId>
      <colName>CREATED_BY</colName>
      <colType>VARCHAR2</colType>
      <colLength>32</colLength>
      <colNullable>N</colNullable>
      <colComments>创建人ID</colComments>
      <colIsPk>N</colIsPk>
      <colIsSys>Y</colIsSys>
      <colIsUnique>N</colIsUnique>
      <sysApplicationId>1</sysApplicationId>
      <orgIdentity>ORG_ROOT</orgIdentity>
    </avicit.platform6.db.dbtablecol.dto.DbTableColDTO>
    <avicit.platform6.db.dbtablecol.dto.DbTableColDTO>
      <createdBy>1</createdBy>
      <creationDate>2017-07-10 20:58:11.0 CST</creationDate>
      <lastUpdateDate>2017-07-15 16:02:19.0 CST</lastUpdateDate>
      <lastUpdatedBy>1</lastUpdatedBy>
      <lastUpdateIp>0:0:0:0:0:0:0:1</lastUpdateIp>
      <logFormName>存储模型列信息表</logFormName>
      <logTitle>存储模型列信息表</logTitle>
      <logType>module_operate</logType>
      <version>11</version>
      <id>402882185d2b7562015d2c942206022a</id>
      <tableId>402882185d2b7562015d2c9421670225</tableId>
      <colName>DRAFT_DEPT_ID</colName>
      <colType>VARCHAR2</colType>
      <colLength>50</colLength>
      <colNullable>Y</colNullable>
      <colComments>申请部门</colComments>
      <colIsPk>N</colIsPk>
      <sysApplicationId>1</sysApplicationId>
      <orgIdentity>ORG_ROOT</orgIdentity>
    </avicit.platform6.db.dbtablecol.dto.DbTableColDTO>
    <avicit.platform6.db.dbtablecol.dto.DbTableColDTO>
      <createdBy>1</createdBy>
      <creationDate>2017-07-10 20:58:11.0 CST</creationDate>
      <lastUpdateDate>2017-07-15 16:02:19.0 CST</lastUpdateDate>
      <lastUpdatedBy>1</lastUpdatedBy>
      <lastUpdateIp>0:0:0:0:0:0:0:1</lastUpdateIp>
      <logFormName>存储模型列信息表</logFormName>
      <logTitle>存储模型列信息表</logTitle>
      <logType>module_operate</logType>
      <version>10</version>
      <id>402882185d2b7562015d2c9422570230</id>
      <tableId>402882185d2b7562015d2c9421670225</tableId>
      <colName>TRANSPORT</colName>
      <colType>VARCHAR2</colType>
      <colLength>50</colLength>
      <colNullable>Y</colNullable>
      <colComments>交通工具</colComments>
      <colIsPk>N</colIsPk>
      <sysApplicationId>1</sysApplicationId>
      <orgIdentity>ORG_ROOT</orgIdentity>
    </avicit.platform6.db.dbtablecol.dto.DbTableColDTO>
    <avicit.platform6.db.dbtablecol.dto.DbTableColDTO>
      <createdBy>1</createdBy>
      <creationDate>2017-07-10 20:58:12.0 CST</creationDate>
      <lastUpdateDate>2017-07-15 16:02:20.0 CST</lastUpdateDate>
      <lastUpdatedBy>1</lastUpdatedBy>
      <lastUpdateIp>0:0:0:0:0:0:0:1</lastUpdateIp>
      <logFormName>存储模型列信息表</logFormName>
      <logTitle>存储模型列信息表</logTitle>
      <logType>module_operate</logType>
      <version>10</version>
      <id>402882185d2b7562015d2c9422ac0236</id>
      <tableId>402882185d2b7562015d2c9421670225</tableId>
      <colName>START_DATE</colName>
      <colType>DATE</colType>
      <colNullable>Y</colNullable>
      <colComments>开始时间</colComments>
      <colIsPk>N</colIsPk>
      <sysApplicationId>1</sysApplicationId>
      <orgIdentity>ORG_ROOT</orgIdentity>
    </avicit.platform6.db.dbtablecol.dto.DbTableColDTO>
    <avicit.platform6.db.dbtablecol.dto.DbTableColDTO>
      <createdBy>1</createdBy>
      <creationDate>2017-07-10 20:58:12.0 CST</creationDate>
      <lastUpdateDate>2017-07-10 20:58:12.0 CST</lastUpdateDate>
      <lastUpdatedBy>1</lastUpdatedBy>
      <lastUpdateIp>0:0:0:0:0:0:0:1</lastUpdateIp>
      <logFormName>存储模型列信息表</logFormName>
      <logTitle>存储模型列信息表</logTitle>
      <logType>module_operate</logType>
      <version>0</version>
      <id>402882185d2b7562015d2c94240d024e</id>
      <tableId>402882185d2b7562015d2c9421670225</tableId>
      <colName>LAST_UPDATE_IP</colName>
      <colType>VARCHAR2</colType>
      <colLength>32</colLength>
      <colNullable>N</colNullable>
      <colComments>创建人IP</colComments>
      <colIsPk>N</colIsPk>
      <colIsSys>Y</colIsSys>
      <colIsUnique>N</colIsUnique>
      <sysApplicationId>1</sysApplicationId>
      <orgIdentity>ORG_ROOT</orgIdentity>
    </avicit.platform6.db.dbtablecol.dto.DbTableColDTO>
    <avicit.platform6.db.dbtablecol.dto.DbTableColDTO>
      <createdBy>1</createdBy>
      <creationDate>2017-07-10 20:58:12.0 CST</creationDate>
      <lastUpdateDate>2017-07-10 20:58:12.0 CST</lastUpdateDate>
      <lastUpdatedBy>1</lastUpdatedBy>
      <lastUpdateIp>0:0:0:0:0:0:0:1</lastUpdateIp>
      <logFormName>存储模型列信息表</logFormName>
      <logTitle>存储模型列信息表</logTitle>
      <logType>module_operate</logType>
      <version>0</version>
      <id>402882185d2b7562015d2c9423a30244</id>
      <tableId>402882185d2b7562015d2c9421670225</tableId>
      <colName>LAST_UPDATE_DATE</colName>
      <colType>DATE</colType>
      <colLength>0</colLength>
      <colNullable>N</colNullable>
      <colComments>最后更新时间</colComments>
      <colIsPk>N</colIsPk>
      <colIsSys>Y</colIsSys>
      <colIsUnique>N</colIsUnique>
      <sysApplicationId>1</sysApplicationId>
      <orgIdentity>ORG_ROOT</orgIdentity>
    </avicit.platform6.db.dbtablecol.dto.DbTableColDTO>
    <avicit.platform6.db.dbtablecol.dto.DbTableColDTO>
      <createdBy>1</createdBy>
      <creationDate>2017-07-10 20:58:11.0 CST</creationDate>
      <lastUpdateDate>2017-07-15 16:02:19.0 CST</lastUpdateDate>
      <lastUpdatedBy>1</lastUpdatedBy>
      <lastUpdateIp>0:0:0:0:0:0:0:1</lastUpdateIp>
      <logFormName>存储模型列信息表</logFormName>
      <logTitle>存储模型列信息表</logTitle>
      <logType>module_operate</logType>
      <version>10</version>
      <id>402882185d2b7562015d2c94222e022d</id>
      <tableId>402882185d2b7562015d2c9421670225</tableId>
      <colName>EVECTION_TYPE</colName>
      <colType>VARCHAR2</colType>
      <colLength>50</colLength>
      <colNullable>Y</colNullable>
      <colComments>外出类型</colComments>
      <colIsPk>N</colIsPk>
      <sysApplicationId>1</sysApplicationId>
      <orgIdentity>ORG_ROOT</orgIdentity>
    </avicit.platform6.db.dbtablecol.dto.DbTableColDTO>
    <avicit.platform6.db.dbtablecol.dto.DbTableColDTO>
      <createdBy>1</createdBy>
      <creationDate>2017-07-10 20:58:11.0 CST</creationDate>
      <lastUpdateDate>2017-07-15 16:02:20.0 CST</lastUpdateDate>
      <lastUpdatedBy>1</lastUpdatedBy>
      <lastUpdateIp>0:0:0:0:0:0:0:1</lastUpdateIp>
      <logFormName>存储模型列信息表</logFormName>
      <logTitle>存储模型列信息表</logTitle>
      <logType>module_operate</logType>
      <version>10</version>
      <id>402882185d2b7562015d2c9422830233</id>
      <tableId>402882185d2b7562015d2c9421670225</tableId>
      <colName>ADDRESS</colName>
      <colType>VARCHAR2</colType>
      <colLength>50</colLength>
      <colNullable>Y</colNullable>
      <colComments>出差地点</colComments>
      <colIsPk>N</colIsPk>
      <sysApplicationId>1</sysApplicationId>
      <orgIdentity>ORG_ROOT</orgIdentity>
    </avicit.platform6.db.dbtablecol.dto.DbTableColDTO>
    <avicit.platform6.db.dbtablecol.dto.DbTableColDTO>
      <createdBy>1</createdBy>
      <creationDate>2017-07-10 20:58:12.0 CST</creationDate>
      <lastUpdateDate>2017-07-10 20:58:12.0 CST</lastUpdateDate>
      <lastUpdatedBy>1</lastUpdatedBy>
      <lastUpdateIp>0:0:0:0:0:0:0:1</lastUpdateIp>
      <logFormName>存储模型列信息表</logFormName>
      <logTitle>存储模型列信息表</logTitle>
      <logType>module_operate</logType>
      <version>0</version>
      <id>402882185d2b7562015d2c94238d0242</id>
      <tableId>402882185d2b7562015d2c9421670225</tableId>
      <colName>ID</colName>
      <colType>VARCHAR2</colType>
      <colLength>50</colLength>
      <colNullable>N</colNullable>
      <colComments>ID</colComments>
      <colIsPk>Y</colIsPk>
      <colIsSys>Y</colIsSys>
      <colIsUnique>Y</colIsUnique>
      <sysApplicationId>1</sysApplicationId>
      <orgIdentity>ORG_ROOT</orgIdentity>
    </avicit.platform6.db.dbtablecol.dto.DbTableColDTO>
    <avicit.platform6.db.dbtablecol.dto.DbTableColDTO>
      <createdBy>1</createdBy>
      <creationDate>2017-07-10 20:58:11.0 CST</creationDate>
      <lastUpdateDate>2017-07-13 11:31:37.0 CST</lastUpdateDate>
      <lastUpdatedBy>402882015d3149ae015d315e975a0233</lastUpdatedBy>
      <lastUpdateIp>0:0:0:0:0:0:0:1</lastUpdateIp>
      <logFormName>存储模型列信息表</logFormName>
      <logTitle>存储模型列信息表</logTitle>
      <logType>module_operate</logType>
      <version>5</version>
      <id>402882185d2b7562015d2c9421830227</id>
      <tableId>402882185d2b7562015d2c9421670225</tableId>
      <colName>DRAFT_</colName>
      <colType>VARCHAR2</colType>
      <colLength>50</colLength>
      <colNullable>Y</colNullable>
      <colComments>申请人</colComments>
      <colIsPk>N</colIsPk>
      <sysApplicationId>1</sysApplicationId>
      <orgIdentity>ORG_ROOT</orgIdentity>
    </avicit.platform6.db.dbtablecol.dto.DbTableColDTO>
    <avicit.platform6.db.dbtablecol.dto.DbTableColDTO>
      <createdBy>1</createdBy>
      <creationDate>2017-07-10 20:58:12.0 CST</creationDate>
      <lastUpdateDate>2017-07-15 16:02:20.0 CST</lastUpdateDate>
      <lastUpdatedBy>1</lastUpdatedBy>
      <lastUpdateIp>0:0:0:0:0:0:0:1</lastUpdateIp>
      <logFormName>存储模型列信息表</logFormName>
      <logTitle>存储模型列信息表</logTitle>
      <logType>module_operate</logType>
      <version>10</version>
      <id>402882185d2b7562015d2c94233a023c</id>
      <tableId>402882185d2b7562015d2c9421670225</tableId>
      <colName>FOLLOW_USER_IDS</colName>
      <colType>VARCHAR2</colType>
      <colLength>4000</colLength>
      <colNullable>Y</colNullable>
      <colComments>同行人员</colComments>
      <colIsPk>N</colIsPk>
      <sysApplicationId>1</sysApplicationId>
      <orgIdentity>ORG_ROOT</orgIdentity>
    </avicit.platform6.db.dbtablecol.dto.DbTableColDTO>
    <avicit.platform6.db.dbtablecol.dto.DbTableColDTO>
      <createdBy>1</createdBy>
      <creationDate>2017-07-10 20:58:12.0 CST</creationDate>
      <lastUpdateDate>2017-07-10 20:58:12.0 CST</lastUpdateDate>
      <lastUpdatedBy>1</lastUpdatedBy>
      <lastUpdateIp>0:0:0:0:0:0:0:1</lastUpdateIp>
      <logFormName>存储模型列信息表</logFormName>
      <logTitle>存储模型列信息表</logTitle>
      <logType>module_operate</logType>
      <version>0</version>
      <id>402882185d2b7562015d2c9423cf0248</id>
      <tableId>402882185d2b7562015d2c9421670225</tableId>
      <colName>VERSION</colName>
      <colType>NUMBER</colType>
      <colLength>16</colLength>
      <colNullable>N</colNullable>
      <colComments>版本</colComments>
      <colIsPk>N</colIsPk>
      <colIsSys>Y</colIsSys>
      <colIsUnique>N</colIsUnique>
      <sysApplicationId>1</sysApplicationId>
      <orgIdentity>ORG_ROOT</orgIdentity>
    </avicit.platform6.db.dbtablecol.dto.DbTableColDTO>
  </list>
  <list/>
</list>