<list>
  <avicit.platform6.db.dbtabletype.dto.DbTable>
    <createdBy>1</createdBy>
    <creationDate>2017-07-06 13:52:22.0 CST</creationDate>
    <lastUpdateDate>2017-07-06 13:52:22.0 CST</lastUpdateDate>
    <lastUpdatedBy>1</lastUpdatedBy>
    <lastUpdateIp>127.0.0.1</lastUpdateIp>
    <logFormName>存储模型表</logFormName>
    <logTitle>存储模型表</logTitle>
    <logType>module_operate</logType>
    <version>0</version>
    <id>402882fa5d166a5a015d1674d68f013b</id>
    <tableName>DYN_SEND_FILE</tableName>
    <tableComments>DYN_SEND_FILE</tableComments>
    <sysApplicationId>1</sysApplicationId>
    <orgIdentity>ORG_ROOT</orgIdentity>
    <tableIsCreated>Y</tableIsCreated>
    <tableType>402888045c1f7187015c1f81a7800083</tableType>
  </avicit.platform6.db.dbtabletype.dto.DbTable>
  <list>
    <avicit.platform6.db.dbtablecol.dto.DbTableColDTO>
      <createdBy>1</createdBy>
      <creationDate>2017-07-06 13:52:22.0 CST</creationDate>
      <lastUpdateDate>2017-07-06 13:52:22.0 CST</lastUpdateDate>
      <lastUpdatedBy>1</lastUpdatedBy>
      <lastUpdateIp>127.0.0.1</lastUpdateIp>
      <logFormName>存储模型列信息表</logFormName>
      <logTitle>存储模型列信息表</logTitle>
      <logType>module_operate</logType>
      <version>0</version>
      <id>402882fa5d166a5a015d1674d95c016a</id>
      <tableId>402882fa5d166a5a015d1674d68f013b</tableId>
      <colName>CREATION_DATE</colName>
      <colType>DATE</colType>
      <colLength>0</colLength>
      <colNullable>N</colNullable>
      <colComments>创建时间</colComments>
      <colIsPk>N</colIsPk>
      <colIsUnique>N</colIsUnique>
      <sysApplicationId>1</sysApplicationId>
      <orgIdentity>ORG_ROOT</orgIdentity>
    </avicit.platform6.db.dbtablecol.dto.DbTableColDTO>
    <avicit.platform6.db.dbtablecol.dto.DbTableColDTO>
      <createdBy>1</createdBy>
      <creationDate>2017-07-06 13:52:22.0 CST</creationDate>
      <lastUpdateDate>2017-07-06 13:52:22.0 CST</lastUpdateDate>
      <lastUpdatedBy>1</lastUpdatedBy>
      <lastUpdateIp>127.0.0.1</lastUpdateIp>
      <logFormName>存储模型列信息表</logFormName>
      <logTitle>存储模型列信息表</logTitle>
      <logType>module_operate</logType>
      <version>0</version>
      <id>402882fa5d166a5a015d1674d9a70170</id>
      <tableId>402882fa5d166a5a015d1674d68f013b</tableId>
      <colName>ORG_IDENTITY</colName>
      <colType>VARCHAR2</colType>
      <colLength>32</colLength>
      <colNullable>N</colNullable>
      <colComments>组织ID</colComments>
      <colIsPk>N</colIsPk>
      <colIsUnique>N</colIsUnique>
      <sysApplicationId>1</sysApplicationId>
      <orgIdentity>ORG_ROOT</orgIdentity>
    </avicit.platform6.db.dbtablecol.dto.DbTableColDTO>
    <avicit.platform6.db.dbtablecol.dto.DbTableColDTO>
      <createdBy>1</createdBy>
      <creationDate>2017-07-06 13:52:22.0 CST</creationDate>
      <lastUpdateDate>2017-07-06 13:52:22.0 CST</lastUpdateDate>
      <lastUpdatedBy>1</lastUpdatedBy>
      <lastUpdateIp>127.0.0.1</lastUpdateIp>
      <logFormName>存储模型列信息表</logFormName>
      <logTitle>存储模型列信息表</logTitle>
      <logType>module_operate</logType>
      <version>0</version>
      <id>402882fa5d166a5a015d1674d976016c</id>
      <tableId>402882fa5d166a5a015d1674d68f013b</tableId>
      <colName>CREATED_BY</colName>
      <colType>VARCHAR2</colType>
      <colLength>32</colLength>
      <colNullable>N</colNullable>
      <colComments>创建人ID</colComments>
      <colIsPk>N</colIsPk>
      <colIsUnique>N</colIsUnique>
      <sysApplicationId>1</sysApplicationId>
      <orgIdentity>ORG_ROOT</orgIdentity>
    </avicit.platform6.db.dbtablecol.dto.DbTableColDTO>
    <avicit.platform6.db.dbtablecol.dto.DbTableColDTO>
      <createdBy>1</createdBy>
      <creationDate>2017-07-06 13:52:22.0 CST</creationDate>
      <lastUpdateDate>2017-07-06 13:52:22.0 CST</lastUpdateDate>
      <lastUpdatedBy>1</lastUpdatedBy>
      <lastUpdateIp>127.0.0.1</lastUpdateIp>
      <logFormName>存储模型列信息表</logFormName>
      <logTitle>存储模型列信息表</logTitle>
      <logType>module_operate</logType>
      <version>0</version>
      <id>402882fa5d166a5a015d1674d91e0164</id>
      <tableId>402882fa5d166a5a015d1674d68f013b</tableId>
      <colName>LAST_UPDATE_DATE</colName>
      <colType>DATE</colType>
      <colLength>0</colLength>
      <colNullable>N</colNullable>
      <colComments>最后更新时间</colComments>
      <colIsPk>N</colIsPk>
      <colIsUnique>N</colIsUnique>
      <sysApplicationId>1</sysApplicationId>
      <orgIdentity>ORG_ROOT</orgIdentity>
    </avicit.platform6.db.dbtablecol.dto.DbTableColDTO>
    <avicit.platform6.db.dbtablecol.dto.DbTableColDTO>
      <createdBy>1</createdBy>
      <creationDate>2017-07-06 13:52:22.0 CST</creationDate>
      <lastUpdateDate>2018-06-08 14:55:47.0 CST</lastUpdateDate>
      <lastUpdatedBy>1</lastUpdatedBy>
      <lastUpdateIp>0:0:0:0:0:0:0:1</lastUpdateIp>
      <logFormName>存储模型列信息表</logFormName>
      <logTitle>存储模型列信息表</logTitle>
      <logType>module_operate</logType>
      <version>41</version>
      <id>402882fa5d166a5a015d1674d8850158</id>
      <tableId>402882fa5d166a5a015d1674d68f013b</tableId>
      <colName>DRAFT_DATE</colName>
      <colType>VARCHAR2</colType>
      <colLength>50</colLength>
      <colNullable>Y</colNullable>
      <colComments>拟稿日期</colComments>
      <colIsPk>N</colIsPk>
      <sysApplicationId>1</sysApplicationId>
      <orgIdentity>ORG_ROOT</orgIdentity>
    </avicit.platform6.db.dbtablecol.dto.DbTableColDTO>
    <avicit.platform6.db.dbtablecol.dto.DbTableColDTO>
      <createdBy>1</createdBy>
      <creationDate>2017-07-06 13:52:22.0 CST</creationDate>
      <lastUpdateDate>2018-06-08 14:55:48.0 CST</lastUpdateDate>
      <lastUpdatedBy>1</lastUpdatedBy>
      <lastUpdateIp>0:0:0:0:0:0:0:1</lastUpdateIp>
      <logFormName>存储模型列信息表</logFormName>
      <logTitle>存储模型列信息表</logTitle>
      <logType>module_operate</logType>
      <version>45</version>
      <id>402882fa5d166a5a015d1674d8d1015e</id>
      <tableId>402882fa5d166a5a015d1674d68f013b</tableId>
      <colName>SEND_DATE</colName>
      <colType>DATE</colType>
      <colNullable>Y</colNullable>
      <colComments>发文日期</colComments>
      <colIsPk>N</colIsPk>
      <sysApplicationId>1</sysApplicationId>
      <orgIdentity>ORG_ROOT</orgIdentity>
    </avicit.platform6.db.dbtablecol.dto.DbTableColDTO>
    <avicit.platform6.db.dbtablecol.dto.DbTableColDTO>
      <createdBy>1</createdBy>
      <creationDate>2017-07-06 13:52:22.0 CST</creationDate>
      <lastUpdateDate>2018-06-08 14:55:47.0 CST</lastUpdateDate>
      <lastUpdatedBy>1</lastUpdatedBy>
      <lastUpdateIp>0:0:0:0:0:0:0:1</lastUpdateIp>
      <logFormName>存储模型列信息表</logFormName>
      <logTitle>存储模型列信息表</logTitle>
      <logType>module_operate</logType>
      <version>45</version>
      <id>402882fa5d166a5a015d1674d7100140</id>
      <tableId>402882fa5d166a5a015d1674d68f013b</tableId>
      <colName>FILE_NO</colName>
      <colType>VARCHAR2</colType>
      <colLength>50</colLength>
      <colNullable>Y</colNullable>
      <colComments>文件编号</colComments>
      <colIsPk>N</colIsPk>
      <sysApplicationId>1</sysApplicationId>
      <orgIdentity>ORG_ROOT</orgIdentity>
    </avicit.platform6.db.dbtablecol.dto.DbTableColDTO>
    <avicit.platform6.db.dbtablecol.dto.DbTableColDTO>
      <createdBy>1</createdBy>
      <creationDate>2017-07-06 13:52:22.0 CST</creationDate>
      <lastUpdateDate>2018-06-08 14:55:48.0 CST</lastUpdateDate>
      <lastUpdatedBy>1</lastUpdatedBy>
      <lastUpdateIp>0:0:0:0:0:0:0:1</lastUpdateIp>
      <logFormName>存储模型列信息表</logFormName>
      <logTitle>存储模型列信息表</logTitle>
      <logType>module_operate</logType>
      <version>45</version>
      <id>402882fa5d166a5a015d1674d6c0013d</id>
      <tableId>402882fa5d166a5a015d1674d68f013b</tableId>
      <colName>TITLE</colName>
      <colType>VARCHAR2</colType>
      <colLength>50</colLength>
      <colNullable>Y</colNullable>
      <colComments>标题</colComments>
      <colIsPk>N</colIsPk>
      <sysApplicationId>1</sysApplicationId>
      <orgIdentity>ORG_ROOT</orgIdentity>
    </avicit.platform6.db.dbtablecol.dto.DbTableColDTO>
    <avicit.platform6.db.dbtablecol.dto.DbTableColDTO>
      <createdBy>1</createdBy>
      <creationDate>2017-07-06 13:52:22.0 CST</creationDate>
      <lastUpdateDate>2018-06-08 14:55:47.0 CST</lastUpdateDate>
      <lastUpdatedBy>1</lastUpdatedBy>
      <lastUpdateIp>0:0:0:0:0:0:0:1</lastUpdateIp>
      <logFormName>存储模型列信息表</logFormName>
      <logTitle>存储模型列信息表</logTitle>
      <logType>module_operate</logType>
      <version>41</version>
      <id>402882fa5d166a5a015d1674d79a0146</id>
      <tableId>402882fa5d166a5a015d1674d68f013b</tableId>
      <colName>SECRET_LEVEL</colName>
      <colType>VARCHAR2</colType>
      <colLength>50</colLength>
      <colNullable>Y</colNullable>
      <colComments>秘密等级</colComments>
      <colIsPk>N</colIsPk>
      <sysApplicationId>1</sysApplicationId>
      <orgIdentity>ORG_ROOT</orgIdentity>
    </avicit.platform6.db.dbtablecol.dto.DbTableColDTO>
    <avicit.platform6.db.dbtablecol.dto.DbTableColDTO>
      <createdBy>1</createdBy>
      <creationDate>2017-07-06 13:52:22.0 CST</creationDate>
      <lastUpdateDate>2018-06-08 14:55:48.0 CST</lastUpdateDate>
      <lastUpdatedBy>1</lastUpdatedBy>
      <lastUpdateIp>0:0:0:0:0:0:0:1</lastUpdateIp>
      <logFormName>存储模型列信息表</logFormName>
      <logTitle>存储模型列信息表</logTitle>
      <logType>module_operate</logType>
      <version>42</version>
      <id>402882fa5d166a5a015d1674d7ea014c</id>
      <tableId>402882fa5d166a5a015d1674d68f013b</tableId>
      <colName>COPY_SEND</colName>
      <colType>VARCHAR2</colType>
      <colLength>50</colLength>
      <colNullable>Y</colNullable>
      <colComments>抄送</colComments>
      <colIsPk>N</colIsPk>
      <colIsSys>N</colIsSys>
      <colIsUnique>N</colIsUnique>
      <sysApplicationId>1</sysApplicationId>
      <orgIdentity>ORG_ROOT</orgIdentity>
    </avicit.platform6.db.dbtablecol.dto.DbTableColDTO>
    <avicit.platform6.db.dbtablecol.dto.DbTableColDTO>
      <createdBy>1</createdBy>
      <creationDate>2017-07-06 13:52:22.0 CST</creationDate>
      <lastUpdateDate>2018-06-08 14:55:48.0 CST</lastUpdateDate>
      <lastUpdatedBy>1</lastUpdatedBy>
      <lastUpdateIp>0:0:0:0:0:0:0:1</lastUpdateIp>
      <logFormName>存储模型列信息表</logFormName>
      <logTitle>存储模型列信息表</logTitle>
      <logType>module_operate</logType>
      <version>45</version>
      <id>402882fa5d166a5a015d1674d83b0152</id>
      <tableId>402882fa5d166a5a015d1674d68f013b</tableId>
      <colName>DRAFT_DEPT_ID</colName>
      <colType>VARCHAR2</colType>
      <colLength>50</colLength>
      <colNullable>Y</colNullable>
      <colComments>拟稿单位</colComments>
      <colIsPk>N</colIsPk>
      <sysApplicationId>1</sysApplicationId>
      <orgIdentity>ORG_ROOT</orgIdentity>
    </avicit.platform6.db.dbtablecol.dto.DbTableColDTO>
    <avicit.platform6.db.dbtablecol.dto.DbTableColDTO>
      <createdBy>1</createdBy>
      <creationDate>2017-07-06 13:52:22.0 CST</creationDate>
      <lastUpdateDate>2018-06-08 14:55:47.0 CST</lastUpdateDate>
      <lastUpdatedBy>1</lastUpdatedBy>
      <lastUpdateIp>0:0:0:0:0:0:0:1</lastUpdateIp>
      <logFormName>存储模型列信息表</logFormName>
      <logTitle>存储模型列信息表</logTitle>
      <logType>module_operate</logType>
      <version>41</version>
      <id>402882fa5d166a5a015d1674d7370143</id>
      <tableId>402882fa5d166a5a015d1674d68f013b</tableId>
      <colName>URGENCY</colName>
      <colType>VARCHAR2</colType>
      <colLength>50</colLength>
      <colNullable>Y</colNullable>
      <colComments>缓急程度</colComments>
      <colIsPk>N</colIsPk>
      <sysApplicationId>1</sysApplicationId>
      <orgIdentity>ORG_ROOT</orgIdentity>
    </avicit.platform6.db.dbtablecol.dto.DbTableColDTO>
    <avicit.platform6.db.dbtablecol.dto.DbTableColDTO>
      <createdBy>1</createdBy>
      <creationDate>2017-07-06 13:52:22.0 CST</creationDate>
      <lastUpdateDate>2017-07-06 13:52:22.0 CST</lastUpdateDate>
      <lastUpdatedBy>1</lastUpdatedBy>
      <lastUpdateIp>127.0.0.1</lastUpdateIp>
      <logFormName>存储模型列信息表</logFormName>
      <logTitle>存储模型列信息表</logTitle>
      <logType>module_operate</logType>
      <version>0</version>
      <id>402882fa5d166a5a015d1674d9310166</id>
      <tableId>402882fa5d166a5a015d1674d68f013b</tableId>
      <colName>LAST_UPDATED_BY</colName>
      <colType>VARCHAR2</colType>
      <colLength>32</colLength>
      <colNullable>N</colNullable>
      <colComments>最后更新人ID</colComments>
      <colIsPk>N</colIsPk>
      <colIsUnique>N</colIsUnique>
      <sysApplicationId>1</sysApplicationId>
      <orgIdentity>ORG_ROOT</orgIdentity>
    </avicit.platform6.db.dbtablecol.dto.DbTableColDTO>
    <avicit.platform6.db.dbtablecol.dto.DbTableColDTO>
      <createdBy>1</createdBy>
      <creationDate>2017-07-06 13:52:22.0 CST</creationDate>
      <lastUpdateDate>2017-07-06 13:52:22.0 CST</lastUpdateDate>
      <lastUpdatedBy>1</lastUpdatedBy>
      <lastUpdateIp>127.0.0.1</lastUpdateIp>
      <logFormName>存储模型列信息表</logFormName>
      <logTitle>存储模型列信息表</logTitle>
      <logType>module_operate</logType>
      <version>0</version>
      <id>402882fa5d166a5a015d1674d9490168</id>
      <tableId>402882fa5d166a5a015d1674d68f013b</tableId>
      <colName>VERSION</colName>
      <colType>NUMBER</colType>
      <colLength>16</colLength>
      <colNullable>N</colNullable>
      <colComments>版本</colComments>
      <colIsPk>N</colIsPk>
      <colIsUnique>N</colIsUnique>
      <sysApplicationId>1</sysApplicationId>
      <orgIdentity>ORG_ROOT</orgIdentity>
    </avicit.platform6.db.dbtablecol.dto.DbTableColDTO>
    <avicit.platform6.db.dbtablecol.dto.DbTableColDTO>
      <createdBy>1</createdBy>
      <creationDate>2017-07-06 13:52:22.0 CST</creationDate>
      <lastUpdateDate>2017-07-06 13:52:22.0 CST</lastUpdateDate>
      <lastUpdatedBy>1</lastUpdatedBy>
      <lastUpdateIp>127.0.0.1</lastUpdateIp>
      <logFormName>存储模型列信息表</logFormName>
      <logTitle>存储模型列信息表</logTitle>
      <logType>module_operate</logType>
      <version>0</version>
      <id>402882fa5d166a5a015d1674d98f016e</id>
      <tableId>402882fa5d166a5a015d1674d68f013b</tableId>
      <colName>LAST_UPDATE_IP</colName>
      <colType>VARCHAR2</colType>
      <colLength>32</colLength>
      <colNullable>N</colNullable>
      <colComments>创建人IP</colComments>
      <colIsPk>N</colIsPk>
      <colIsUnique>N</colIsUnique>
      <sysApplicationId>1</sysApplicationId>
      <orgIdentity>ORG_ROOT</orgIdentity>
    </avicit.platform6.db.dbtablecol.dto.DbTableColDTO>
    <avicit.platform6.db.dbtablecol.dto.DbTableColDTO>
      <createdBy>1</createdBy>
      <creationDate>2017-07-06 13:52:22.0 CST</creationDate>
      <lastUpdateDate>2018-06-08 14:55:48.0 CST</lastUpdateDate>
      <lastUpdatedBy>1</lastUpdatedBy>
      <lastUpdateIp>0:0:0:0:0:0:0:1</lastUpdateIp>
      <logFormName>存储模型列信息表</logFormName>
      <logTitle>存储模型列信息表</logTitle>
      <logType>module_operate</logType>
      <version>42</version>
      <id>402882fa5d166a5a015d1674d7c20149</id>
      <tableId>402882fa5d166a5a015d1674d68f013b</tableId>
      <colName>MAIN_SEND</colName>
      <colType>VARCHAR2</colType>
      <colLength>50</colLength>
      <colNullable>Y</colNullable>
      <colComments>主送</colComments>
      <colIsPk>N</colIsPk>
      <colIsSys>N</colIsSys>
      <colIsUnique>N</colIsUnique>
      <sysApplicationId>1</sysApplicationId>
      <orgIdentity>ORG_ROOT</orgIdentity>
    </avicit.platform6.db.dbtablecol.dto.DbTableColDTO>
    <avicit.platform6.db.dbtablecol.dto.DbTableColDTO>
      <createdBy>1</createdBy>
      <creationDate>2017-07-06 13:52:22.0 CST</creationDate>
      <lastUpdateDate>2018-06-08 14:55:48.0 CST</lastUpdateDate>
      <lastUpdatedBy>1</lastUpdatedBy>
      <lastUpdateIp>0:0:0:0:0:0:0:1</lastUpdateIp>
      <logFormName>存储模型列信息表</logFormName>
      <logTitle>存储模型列信息表</logTitle>
      <logType>module_operate</logType>
      <version>41</version>
      <id>402882fa5d166a5a015d1674d8600155</id>
      <tableId>402882fa5d166a5a015d1674d68f013b</tableId>
      <colName>DRAFT_USER_ID</colName>
      <colType>VARCHAR2</colType>
      <colLength>50</colLength>
      <colNullable>Y</colNullable>
      <colComments>拟稿人</colComments>
      <colIsPk>N</colIsPk>
      <sysApplicationId>1</sysApplicationId>
      <orgIdentity>ORG_ROOT</orgIdentity>
    </avicit.platform6.db.dbtablecol.dto.DbTableColDTO>
    <avicit.platform6.db.dbtablecol.dto.DbTableColDTO>
      <createdBy>1</createdBy>
      <creationDate>2017-07-06 13:52:22.0 CST</creationDate>
      <lastUpdateDate>2018-06-08 14:55:48.0 CST</lastUpdateDate>
      <lastUpdatedBy>1</lastUpdatedBy>
      <lastUpdateIp>0:0:0:0:0:0:0:1</lastUpdateIp>
      <logFormName>存储模型列信息表</logFormName>
      <logTitle>存储模型列信息表</logTitle>
      <logType>module_operate</logType>
      <version>45</version>
      <id>402882fa5d166a5a015d1674d810014f</id>
      <tableId>402882fa5d166a5a015d1674d68f013b</tableId>
      <colName>PRINT_NUM</colName>
      <colType>NUMBER</colType>
      <colLength>10</colLength>
      <attribute02>0</attribute02>
      <colNullable>Y</colNullable>
      <colComments>印发份数</colComments>
      <colIsPk>N</colIsPk>
      <sysApplicationId>1</sysApplicationId>
      <orgIdentity>ORG_ROOT</orgIdentity>
    </avicit.platform6.db.dbtablecol.dto.DbTableColDTO>
    <avicit.platform6.db.dbtablecol.dto.DbTableColDTO>
      <createdBy>1</createdBy>
      <creationDate>2017-07-06 13:52:22.0 CST</creationDate>
      <lastUpdateDate>2018-03-14 11:37:57.0 CST</lastUpdateDate>
      <lastUpdatedBy>1</lastUpdatedBy>
      <lastUpdateIp>0:0:0:0:0:0:0:1</lastUpdateIp>
      <logFormName>存储模型列信息表</logFormName>
      <logTitle>存储模型列信息表</logTitle>
      <logType>module_operate</logType>
      <version>35</version>
      <id>402882fa5d166a5a015d1674d8ab015b</id>
      <tableId>402882fa5d166a5a015d1674d68f013b</tableId>
      <colName>KEY_WORD</colName>
      <colType>VARCHAR2</colType>
      <colLength>50</colLength>
      <colNullable>Y</colNullable>
      <colComments>主题词</colComments>
      <colIsPk>N</colIsPk>
      <sysApplicationId>1</sysApplicationId>
      <orgIdentity>ORG_ROOT</orgIdentity>
    </avicit.platform6.db.dbtablecol.dto.DbTableColDTO>
    <avicit.platform6.db.dbtablecol.dto.DbTableColDTO>
      <createdBy>1</createdBy>
      <creationDate>2017-07-06 13:52:22.0 CST</creationDate>
      <lastUpdateDate>2018-06-08 14:55:48.0 CST</lastUpdateDate>
      <lastUpdatedBy>1</lastUpdatedBy>
      <lastUpdateIp>0:0:0:0:0:0:0:1</lastUpdateIp>
      <logFormName>存储模型列信息表</logFormName>
      <logTitle>存储模型列信息表</logTitle>
      <logType>module_operate</logType>
      <version>45</version>
      <id>402882fa5d166a5a015d1674d8f70161</id>
      <tableId>402882fa5d166a5a015d1674d68f013b</tableId>
      <colName>SIGN_DATE</colName>
      <colType>DATE</colType>
      <colNullable>Y</colNullable>
      <colComments>签发日期</colComments>
      <colIsPk>N</colIsPk>
      <sysApplicationId>1</sysApplicationId>
      <orgIdentity>ORG_ROOT</orgIdentity>
    </avicit.platform6.db.dbtablecol.dto.DbTableColDTO>
    <avicit.platform6.db.dbtablecol.dto.DbTableColDTO>
      <createdBy>1</createdBy>
      <creationDate>2017-08-24 14:23:49.0 CST</creationDate>
      <lastUpdateDate>2017-09-11 16:34:11.0 CST</lastUpdateDate>
      <lastUpdatedBy>1</lastUpdatedBy>
      <lastUpdateIp>10.0.21.25</lastUpdateIp>
      <logFormName>存储模型列信息表</logFormName>
      <logTitle>存储模型列信息表</logTitle>
      <logType>module_operate</logType>
      <version>2</version>
      <id>8a58cf325e12dbb3015e12e93fd10243</id>
      <tableId>402882fa5d166a5a015d1674d68f013b</tableId>
      <colName>ARCHIVE_FLAG</colName>
      <colType>VARCHAR2</colType>
      <colLength>2</colLength>
      <colNullable>Y</colNullable>
      <colDefault>0</colDefault>
      <colComments>归档标识 0 1 2</colComments>
      <colIsPk>N</colIsPk>
      <colIsSys>N</colIsSys>
      <sysApplicationId>1</sysApplicationId>
      <orgIdentity>ORG_ROOT</orgIdentity>
    </avicit.platform6.db.dbtablecol.dto.DbTableColDTO>
    <avicit.platform6.db.dbtablecol.dto.DbTableColDTO>
      <createdBy>1</createdBy>
      <creationDate>2017-07-26 09:47:53.0 CST</creationDate>
      <lastUpdateDate>2017-09-11 16:34:11.0 CST</lastUpdateDate>
      <lastUpdatedBy>1</lastUpdatedBy>
      <lastUpdateIp>10.0.21.25</lastUpdateIp>
      <logFormName>存储模型列信息表</logFormName>
      <logTitle>存储模型列信息表</logTitle>
      <logType>module_operate</logType>
      <version>2</version>
      <id>4028820d5d7c4e7a015d7c9434320254</id>
      <tableId>402882fa5d166a5a015d1674d68f013b</tableId>
      <colName>SYS_USER_ID</colName>
      <colType>VARCHAR2</colType>
      <colLength>50</colLength>
      <colNullable>Y</colNullable>
      <colComments>字段_1</colComments>
      <colIsPk>N</colIsPk>
      <sysApplicationId>1</sysApplicationId>
      <orgIdentity>ORG_ROOT</orgIdentity>
    </avicit.platform6.db.dbtablecol.dto.DbTableColDTO>
    <avicit.platform6.db.dbtablecol.dto.DbTableColDTO>
      <createdBy>1</createdBy>
      <creationDate>2018-02-27 16:09:53.0 CST</creationDate>
      <lastUpdateDate>2018-06-08 14:55:48.0 CST</lastUpdateDate>
      <lastUpdatedBy>1</lastUpdatedBy>
      <lastUpdateIp>0:0:0:0:0:0:0:1</lastUpdateIp>
      <logFormName>存储模型列信息表</logFormName>
      <logTitle>存储模型列信息表</logTitle>
      <logType>module_operate</logType>
      <version>16</version>
      <id>8a58a52a6169217e0161d64f8d2c064e</id>
      <tableId>402882fa5d166a5a015d1674d68f013b</tableId>
      <colName>TEL</colName>
      <colType>VARCHAR2</colType>
      <colLength>50</colLength>
      <colNullable>Y</colNullable>
      <colComments>电话</colComments>
      <colIsPk>N</colIsPk>
      <sysApplicationId>1</sysApplicationId>
      <orgIdentity>ORG_ROOT</orgIdentity>
    </avicit.platform6.db.dbtablecol.dto.DbTableColDTO>
    <avicit.platform6.db.dbtablecol.dto.DbTableColDTO>
      <createdBy>1</createdBy>
      <creationDate>2018-03-01 13:27:52.0 CST</creationDate>
      <lastUpdateDate>2018-03-01 13:39:59.0 CST</lastUpdateDate>
      <lastUpdatedBy>1</lastUpdatedBy>
      <lastUpdateIp>10.216.79.182</lastUpdateIp>
      <logFormName>存储模型列信息表</logFormName>
      <logTitle>存储模型列信息表</logTitle>
      <logType>module_operate</logType>
      <version>1</version>
      <id>8a58a52a6169217e0161d64f8d2c0641</id>
      <tableId>402882fa5d166a5a015d1674d68f013b</tableId>
      <colName>ID</colName>
      <colType>VARCHAR2</colType>
      <colLength>50</colLength>
      <attribute02>0</attribute02>
      <colNullable>Y</colNullable>
      <colComments>ID</colComments>
      <colIsPk>N</colIsPk>
      <sysApplicationId>1</sysApplicationId>
      <orgIdentity>ORG_ROOT</orgIdentity>
    </avicit.platform6.db.dbtablecol.dto.DbTableColDTO>
    <avicit.platform6.db.dbtablecol.dto.DbTableColDTO>
      <createdBy>1</createdBy>
      <creationDate>2018-06-05 09:50:53.0 CST</creationDate>
      <lastUpdateDate>2018-06-08 14:55:47.0 CST</lastUpdateDate>
      <lastUpdatedBy>1</lastUpdatedBy>
      <lastUpdateIp>0:0:0:0:0:0:0:1</lastUpdateIp>
      <logFormName>存储模型列信息表</logFormName>
      <logTitle>存储模型列信息表</logTitle>
      <logType>module_operate</logType>
      <version>9</version>
      <id>4028e48a63cd70240163cda3cc0c0230</id>
      <tableId>402882fa5d166a5a015d1674d68f013b</tableId>
      <colName>BMQX</colName>
      <colType>VARCHAR2</colType>
      <colLength>50</colLength>
      <colNullable>Y</colNullable>
      <colComments>保密期限</colComments>
      <colIsPk>N</colIsPk>
      <sysApplicationId>1</sysApplicationId>
      <orgIdentity>ORG_ROOT</orgIdentity>
    </avicit.platform6.db.dbtablecol.dto.DbTableColDTO>
    <avicit.platform6.db.dbtablecol.dto.DbTableColDTO>
      <createdBy>1</createdBy>
      <creationDate>2018-06-05 09:50:54.0 CST</creationDate>
      <lastUpdateDate>2018-06-08 14:55:48.0 CST</lastUpdateDate>
      <lastUpdatedBy>1</lastUpdatedBy>
      <lastUpdateIp>0:0:0:0:0:0:0:1</lastUpdateIp>
      <logFormName>存储模型列信息表</logFormName>
      <logTitle>存储模型列信息表</logTitle>
      <logType>module_operate</logType>
      <version>9</version>
      <id>4028e48a63cd70240163cda3cdb00233</id>
      <tableId>402882fa5d166a5a015d1674d68f013b</tableId>
      <colName>DMYJ</colName>
      <colType>VARCHAR2</colType>
      <colLength>4000</colLength>
      <colNullable>Y</colNullable>
      <colComments>定密依据</colComments>
      <colIsPk>N</colIsPk>
      <sysApplicationId>1</sysApplicationId>
      <orgIdentity>ORG_ROOT</orgIdentity>
    </avicit.platform6.db.dbtablecol.dto.DbTableColDTO>
    <avicit.platform6.db.dbtablecol.dto.DbTableColDTO>
      <createdBy>1</createdBy>
      <creationDate>2018-06-05 09:50:54.0 CST</creationDate>
      <lastUpdateDate>2018-06-08 14:55:48.0 CST</lastUpdateDate>
      <lastUpdatedBy>1</lastUpdatedBy>
      <lastUpdateIp>0:0:0:0:0:0:0:1</lastUpdateIp>
      <logFormName>存储模型列信息表</logFormName>
      <logTitle>存储模型列信息表</logTitle>
      <logType>module_operate</logType>
      <version>9</version>
      <id>4028e48a63cd70240163cda3cdea0236</id>
      <tableId>402882fa5d166a5a015d1674d68f013b</tableId>
      <colName>HUIQIAN</colName>
      <colType>VARCHAR2</colType>
      <colLength>50</colLength>
      <colNullable>Y</colNullable>
      <colComments>会签</colComments>
      <colIsPk>N</colIsPk>
      <sysApplicationId>1</sysApplicationId>
      <orgIdentity>ORG_ROOT</orgIdentity>
    </avicit.platform6.db.dbtablecol.dto.DbTableColDTO>
    <avicit.platform6.db.dbtablecol.dto.DbTableColDTO>
      <createdBy>1</createdBy>
      <creationDate>2018-06-05 09:50:54.0 CST</creationDate>
      <lastUpdateDate>2018-06-08 14:55:48.0 CST</lastUpdateDate>
      <lastUpdatedBy>1</lastUpdatedBy>
      <lastUpdateIp>0:0:0:0:0:0:0:1</lastUpdateIp>
      <logFormName>存储模型列信息表</logFormName>
      <logTitle>存储模型列信息表</logTitle>
      <logType>module_operate</logType>
      <version>9</version>
      <id>4028e48a63cd70240163cda3ce200239</id>
      <tableId>402882fa5d166a5a015d1674d68f013b</tableId>
      <colName>ZXFW</colName>
      <colType>VARCHAR2</colType>
      <colLength>4000</colLength>
      <colNullable>Y</colNullable>
      <colComments>知悉范围</colComments>
      <colIsPk>N</colIsPk>
      <sysApplicationId>1</sysApplicationId>
      <orgIdentity>ORG_ROOT</orgIdentity>
    </avicit.platform6.db.dbtablecol.dto.DbTableColDTO>
    <avicit.platform6.db.dbtablecol.dto.DbTableColDTO>
      <createdBy>1</createdBy>
      <creationDate>2018-06-05 09:50:54.0 CST</creationDate>
      <lastUpdateDate>2018-06-08 14:55:48.0 CST</lastUpdateDate>
      <lastUpdatedBy>1</lastUpdatedBy>
      <lastUpdateIp>0:0:0:0:0:0:0:1</lastUpdateIp>
      <logFormName>存储模型列信息表</logFormName>
      <logTitle>存储模型列信息表</logTitle>
      <logType>module_operate</logType>
      <version>9</version>
      <id>4028e48a63cd70240163cda3ce51023c</id>
      <tableId>402882fa5d166a5a015d1674d68f013b</tableId>
      <colName>SFGZXF</colName>
      <colType>VARCHAR2</colType>
      <colLength>50</colLength>
      <colNullable>Y</colNullable>
      <colComments>是否规章制度</colComments>
      <colIsPk>N</colIsPk>
      <sysApplicationId>1</sysApplicationId>
      <orgIdentity>ORG_ROOT</orgIdentity>
    </avicit.platform6.db.dbtablecol.dto.DbTableColDTO>
    <avicit.platform6.db.dbtablecol.dto.DbTableColDTO>
      <createdBy>1</createdBy>
      <creationDate>2018-06-05 09:50:54.0 CST</creationDate>
      <lastUpdateDate>2018-06-08 14:55:48.0 CST</lastUpdateDate>
      <lastUpdatedBy>1</lastUpdatedBy>
      <lastUpdateIp>0:0:0:0:0:0:0:1</lastUpdateIp>
      <logFormName>存储模型列信息表</logFormName>
      <logTitle>存储模型列信息表</logTitle>
      <logType>module_operate</logType>
      <version>9</version>
      <id>4028e48a63cd70240163cda3ce85023f</id>
      <tableId>402882fa5d166a5a015d1674d68f013b</tableId>
      <colName>GZZD</colName>
      <colType>VARCHAR2</colType>
      <colLength>4000</colLength>
      <colNullable>Y</colNullable>
      <colComments>规章制度内容</colComments>
      <colIsPk>N</colIsPk>
      <sysApplicationId>1</sysApplicationId>
      <orgIdentity>ORG_ROOT</orgIdentity>
    </avicit.platform6.db.dbtablecol.dto.DbTableColDTO>
    <avicit.platform6.db.dbtablecol.dto.DbTableColDTO>
      <createdBy>1</createdBy>
      <creationDate>2018-06-05 09:50:54.0 CST</creationDate>
      <lastUpdateDate>2018-06-08 14:55:48.0 CST</lastUpdateDate>
      <lastUpdatedBy>1</lastUpdatedBy>
      <lastUpdateIp>0:0:0:0:0:0:0:1</lastUpdateIp>
      <logFormName>存储模型列信息表</logFormName>
      <logTitle>存储模型列信息表</logTitle>
      <logType>module_operate</logType>
      <version>9</version>
      <id>4028e48a63cd70240163cda3cec60242</id>
      <tableId>402882fa5d166a5a015d1674d68f013b</tableId>
      <colName>BMYQ</colName>
      <colType>VARCHAR2</colType>
      <colLength>4000</colLength>
      <colNullable>Y</colNullable>
      <colComments>保密要求</colComments>
      <colIsPk>N</colIsPk>
      <sysApplicationId>1</sysApplicationId>
      <orgIdentity>ORG_ROOT</orgIdentity>
    </avicit.platform6.db.dbtablecol.dto.DbTableColDTO>
    <avicit.platform6.db.dbtablecol.dto.DbTableColDTO>
      <createdBy>1</createdBy>
      <creationDate>2018-06-05 09:50:54.0 CST</creationDate>
      <lastUpdateDate>2018-06-08 14:55:48.0 CST</lastUpdateDate>
      <lastUpdatedBy>1</lastUpdatedBy>
      <lastUpdateIp>0:0:0:0:0:0:0:1</lastUpdateIp>
      <logFormName>存储模型列信息表</logFormName>
      <logTitle>存储模型列信息表</logTitle>
      <logType>module_operate</logType>
      <version>9</version>
      <id>4028e48a63cd70240163cda3cf960245</id>
      <tableId>402882fa5d166a5a015d1674d68f013b</tableId>
      <colName>SENDTYPE</colName>
      <colType>VARCHAR2</colType>
      <colLength>50</colLength>
      <colNullable>Y</colNullable>
      <colComments>发文类型</colComments>
      <colIsPk>N</colIsPk>
      <sysApplicationId>1</sysApplicationId>
      <orgIdentity>ORG_ROOT</orgIdentity>
    </avicit.platform6.db.dbtablecol.dto.DbTableColDTO>
    <avicit.platform6.db.dbtablecol.dto.DbTableColDTO>
      <createdBy>1</createdBy>
      <creationDate>2018-06-05 09:50:54.0 CST</creationDate>
      <lastUpdateDate>2018-06-08 14:55:48.0 CST</lastUpdateDate>
      <lastUpdatedBy>1</lastUpdatedBy>
      <lastUpdateIp>0:0:0:0:0:0:0:1</lastUpdateIp>
      <logFormName>存储模型列信息表</logFormName>
      <logTitle>存储模型列信息表</logTitle>
      <logType>module_operate</logType>
      <version>9</version>
      <id>4028e48a63cd70240163cda3cfd10248</id>
      <tableId>402882fa5d166a5a015d1674d68f013b</tableId>
      <colName> FABU</colName>
      <colType>VARCHAR2</colType>
      <colLength>50</colLength>
      <colNullable>Y</colNullable>
      <colComments>所网发布</colComments>
      <colIsPk>N</colIsPk>
      <sysApplicationId>1</sysApplicationId>
      <orgIdentity>ORG_ROOT</orgIdentity>
    </avicit.platform6.db.dbtablecol.dto.DbTableColDTO>
  </list>
  <list/>
</list>